	Title	Location	Company	Salary	Synopsis
0	Data Scientist	Denver, CO (Virginia Village area)	Iontra LLC	$115,000 - $120,000 a year	Work collaboratively with research scientists and other data scientists on supervised and unsupervised models related to cutting edge battery charging…
1	Data Scientist	Denver, CO	AT&T	$75 - $85 an hour	Experience in data science libraries like TensorFlow, Data Visualization, Machine Learning, Salesforce.Location: Onsite in Denver, CO*.
2	Data Scientist (Junior)	Remote in Louisville, CO	BDSA	$90,000 - $110,000 a year	For example, combining public weather data with proprietary sales data to identify trends and build forecasts, or using ML/AI tools to parse large datasets and…
3	Lead Data Scientist	Remote in Denver, CO	Zoom Video Communications, Inc.	Estimated $86K - $109K a year	Past experience in mentorship of data scientists (or other data professionals).We know that Customer Happiness depends on the privacy and security of our users…
4	Staff Data Scientist	Remote in Denver, CO 80202	Ibotta	$170,000 - $200,000 a year	Experience manipulating complex data to apply business rules for improved feature engineering within data lakes, distributed systems, and data streams.
5	Data Scientist	Broomfield, CO 80021	Renewable Energy Systems	$76,500 - $100,000 a year	Develop optimization algorithms around time-series data.The Data Scientist will assist in building databases, data scraping, automating workflows, designing…
6	ETL Developer/Jr Data Scientist (Need Local to CO)	Greenwood Village, CO	ITGen Systems	$70 - $75 an hour	Leverage various data and technology resources to augment analysis.Experience in data validation, analysis, and debugging.Salary: $70.00 - $75.00 per hour.
7	Data Scientist	Denver, CO	The University Of Denver	$65,000 - $80,000 a year	Four years of professional experience in data science, data management or analytics position.Work collaboratively on data science projects.
8	Data Scientist Senior	Hybrid remote in Aurora, CO+1 location	Children's Hospital Colorado	$50.42 - $75.62 an hour	This senior data scientist position is responsible for advanced data science work harnessing vast amounts of data to optimize business and clinical outcomes.
9	Data Scientist - Utility Reliability (Jr - Sr) - REMOTE	Hybrid remote in Denver, CO	E Source	$75,000 - $100,000 a year	Are you a data scientist looking to join an industry-leading team?Proficiency and demonstrated experience in all phases of the data science life cycle working…
10	Data Scientist	Remote in Denver, CO 80202	Switchfly	$110,000 - $130,000 a year	Identifies data patterns and trends.Extract and transform data from multiple sources in preparation for exploratory data analysis, feature engineering,…
11	Product Analyst, Data and Machine Learning	Englewood, CO 80112	DISH	$108,000 a year	Demonstrated entrepreneurial or intrapreneurial experience collaborating with data scientists, engineers, and designers solving customer problems with a data…
12	Staff Data Scientist, Metrics Intelligence	Denver, CO 80202 (Union Station area)+1 location	Slack	$150,200 a year	You will work with data scientists and business analysts (from various business groups) to understand, synthesize, and communicate evolving trends in product…
13	Data Scientist	Remote in Denver, CO	GutCheck	$90,000 - $110,000 a year	Support cross-functional efforts to develop databases and data feeds consistent with our product and data strategy.This position can be remote based.
14	Athletics Gameday Statistician	Denver, CO	The University Of Denver	Estimated $62.4K - $79K a year	Work type: Staff Part-Time.The Division of Athletics & Recreation at the University of Denver is currently seeking part-time employees to serve as gameday…
15	Data Scientist	Englewood, CO	NomiSo	$100,000 - $150,000 a year	Familiarity with Data Engineering techniques to gather, prepare, cleanse and transform data for analysis and AI automation, including data pipelines.
16	Lead Data Scientist	Remote in Denver, CO	Zoom Video Communications, Inc.	Estimated $86K - $109K a year	Past experience in mentorship of data scientists (or other data professionals).Passionate about data science, analytics, and solving complex, and sometimes…
17	Data Scientist (100% Remote)	Remote in Denver, CO 80238	Frontdoor	Estimated $120K - $153K a year	Solid foundation in data structures and algorithms.Process massive amounts of structured and unstructured data.Run A/B test experiments and analyze results.
18	Data Scientist (3-5 years experience)	Broomfield, CO	DataLab USA	$75,000 - $100,000 a year	Review corporate data transformation QC.Regular SQL use for querying data.Experience with Tableau (or other data visualization platform).
19	Data Scientist II/III, Client Analytics	Denver, CO+2 locations	Teladoc Health	$95,000 - $110,000 a year	Collaborate closely with other analysts, data scientists, engineers, PMs and clinical researchers on product builds, analytical tools, data quality, metric…
20	Sr. Data Scientist	Denver, CO 80202 (Central Business District area)	Nexthealth	Estimated $116K - $147K a year	Detailed knowledge of computer science including data structures, data modeling, distributed systems, and software design methods.
21	Senior Data Scientist	Remote in Denver, CO	Hotel Engine	$130,000 a year	Work with the VP, Data Science to build and coach a world-class team of data scientists, data engineers and machine learning engineers.
22	Sr. Data Scientist (Computer Vision)	Remote in Denver, CO	Veritone	$152,000 a year	Gathering & analyzing data, devising data science solutions for high-performance real-time models.Experience creating preprocessors and exploratory data…
23	Data Scientist	Denver, CO+2 locations	sharethrough	Estimated $99K - $125K a year	Present findings to data scientists and product managers to influence product roadmaps.Work with our data engineering team to make the data needed for your…
24	Senior Data Scientist	Denver, CO 80202 (Lodo area)	Code42	Estimated $126K - $159K a year	Working closely with product managers, engineers, and data analysts on the Incydr product to identify customer needs and design data-driven solutions.
25	Principal Data Scientist	Remote in Denver, CO	Hotel Engine	$150,000 a year	Work with the VP, Data Science to build and coach a world-class team of data scientists, data engineers and machine learning engineers.
26	Predictive Data Analyst - (Remote) - SimioCloud	Remote in Westminster, CO 80021	Simio Cloud	Estimated $68.1K - $86.3K a year	Experience with data tools like Alteryx.Experience with data visualization tools, such as PowerBI.Executing and adding to data products that support our…
27	Senior Data Scientist at Rent-to-Own Startup	Remote in Denver, CO 80123+1 location	Recruiting From Scratch	$120,000 - $190,000 a year	You have 3+ years of experience working in data science.Day to day, you will perform a mix of exploratory data analysis, statistical modeling, software…
28	Data Scientist	Remote in Denver, CO	Kadiak, LLC	$65,000 - $76,000 a year	Knowledge of data stores, data analytics and data warehousing concepts, methods, and technologies sufficient to participate in the design of data analytic and…
29	Quality Data Analyst Sr	Denver, CO 80218 (Central East Denver area)	Saint Joseph Hospital	$24.49 - $52.39 an hour	Understands data models and data structures.Two to three years in data analytics.Background and experience in data management and automation.
30	Senior Data Scientist, Credit	Remote in Denver, CO	Caribou	$125,000 - $145,000 a year	Experience working consumer data (especially consumer finance), including data from credit bureaus.Demonstrated ability to explain and visualize complex data…
31	Data Architect	Denver, CO	CrossCountry Consulting	Estimated $139K - $176K a year	Design and implement complex data and analytics solutions to build next-generation data analytic platforms and solutions.
32	Data Scientist	Remote in Denver, CO	MERGE	$60,000 - $80,000 a year	Experience in data cleanse and ETL.Extensive experience in data wrangling and feature engineering.You will work effectively with cross-functional teams to…
33	[Senior and Staff] Data Scientist, Virtual HQ	Hybrid remote in Denver, CO 80202	Slack	$128,600 a year	Experience working with data technologies that allow effective storage and analysis of large amounts of data (e.g. Spark, Presto, Hive, etc).
34	Senior Data Analyst	Remote in Denver, CO 80110	Trupanion	Estimated $89.3K - $113K a year	Extract and reconcile data from our robust data warehouse or identify and strategize new data to be collected through third party partnerships, surveys and more…
35	Senior Data Scientist Lead	Englewood, CO 80112	DISH	$108,000 a year	Ability to validate data and verify data marts built adhere to business needs.Experience in analyzing data and providing recommendations.
36	Staff Data Scientist, Metrics Intelligence - Slack	Denver, CO+1 location	Salesforce	$150,200 a year	You will work with data scientists and business analysts (from various business groups) to understand, synthesize, and communicate evolving trends in product…
37	Senior Data Scientist	Remote in Denver, CO	AArete	Estimated $117K - $149K a year	Develop custom data models and algorithms to apply to data sets.Experience with Healthcare data analytics is necessary.
38	Senior Data Analyst	Denver, CO 80202 (Lodo area)	Code42	Estimated $106K - $134K a year	Working closely with product managers, engineers, and data scientists on the Incydr product to identifying important questions and answer them with data.
39	Senior Cybersecurity Data Analyst	Highlands Ranch, CO	Visa	$103,300 a year	Experience using analytics tools or scripting to extract and normalize data is a plus.Data analysis, Build data models and KPIs, Track, Measure, and regular…
40	Researcher II/III - Applied Data Scientist for Commercial Ve...	Golden, CO 80401	National Renewable Energy Laboratory	$69,400 - $114,500 a year	Position focused on data collection, data processing pipeline, advanced data analytics, and developing data products and research to identify, inform, and…
41	Senior Data Analyst, Strategic Segments	Denver, CO	Melio	$106,000 - $125,000 a year	Ctly with the Unit's management to provide data insights and BI solutions.Support our high-scale conversion optimization and testing efforts through…
42	Principal Applied Scientist	Denver, CO 80202 (Central Business District area)	Verizon	$107,000 - $198,000 a year	Skills with analyzing and deconstructing very large data sets.Use your experience and skill set (along with your imagination) to manipulate and analyze complex…
43	Senior Data Analyst, Procurement	Denver, CO	Gates Corporation	$107,300 - $131,100 a year	Excellent data management and data entry capability.Manage procurement systems and processes to improve data integrity.
44	Senior Data Analyst	Remote in Denver, CO	Hotel Engine	None	Partner with data engineers to establish data assets and feature stores for process automation, advanced analytics, and machine learning model.
45	Sr. Applied Scientist, Autonomous Mobility	Louisville, CO	Amazon.com Services LLC	$123,300 - $160,000 a year	5+ years’ experience working with a team of scientists and engineers.Experience mentoring junior scientists, developers, and/or machine learning engineers.
46	Architect - Machine Learning - Data Engineering	Denver, CO 80202 (Central Business District area)	Slalom Consulting	$110,000 - $140,000 a year	Ability to lead exploratory data analysis within new subject matters or new data structures.(Optional) Experience leading a data science or other technical…
47	Machine Learning Focused Software Developer	Aurora, CO 80011 (Norfolk Glen area)	DeNOVO Solutions	Estimated $108K - $136K a year	DeNOVO is looking for individuals interested in developing a machine learning (ML)-based data classification system.Intermediate to advanced Java experience.
48	Data Analyst 2 – Strategic Analytics	Denver, CO	Nordstrom	Up to $112,700 a year	A day in the life… Partner with key stakeholders on data analysis problems.2+ years of corporate experience analyzing complex data, drawing conclusions, and…
49	Data Science Strategy Lead, North America	Denver, CO+1 location	Facebook App	$192,000 a year	Your background should be in a related quantitative or technical field, with experience working with large data sets and data-driven decision making at a…
50	Manager, Data Science	Englewood, CO 80112	DISH Network	$100,100 - $143,000 a year	Experience with report/dashboard development, data/report automation, self-service capabilities, data design and integration, and data quality and governance.
51	Machine Learning Operations Engineer	Denver, CO	sharethrough	Estimated $94.8K - $120K a year	Write Airflow ETLs to prepare data for consumption by ML models.Work with the data science team to facilitate model development and deployment.
52	Data Scientist	Denver, CO	ICR	Estimated $102K - $129K a year	Knowledge of common data visualization technologies, such as matplotlib, bokeh, d3, or matlab.Proficient in Python, R, Matlab, Lua, or other data science…
53	Machine Learning Engineer	Aurora, CO 80011 (Norfolk Glen area)+1 location	DeNOVO Solutions	$80,000 - $100,000 a year	UI experience and data presentation/visualization techniques.Decompose systems into applications or components including defining data flows, interface…
54	Sr. Data & ML Engineer	Denver, CO	Amazon Web Services, Inc.	$122,300 - $160,000 a year	Hands on experience working on large-scale data science/data analytics projects.Hands on experience with building data or machine learning pipeline.
55	Performance Engineer	Englewood, CO	Travelport	$100,000 - $130,400 a year	Build tools to extract metrics from running workloads and perform data analysis to identify areas of improvement.
56	Data Center Engineering Manager	Denver, CO	Crusoe	Estimated $143K - $181K a year	Demonstrated knowledge of data center facilities design.Proven knowledge of mechanical, electrical and control systems design, including familiarity with data…
57	Senior Decision Scientist, Data & Media Analytics	Remote in Denver, CO 80202	Ibotta	$90,000 - $120,000 a year	Strong SQL knowledge and established data wrangling skills.As a Senior Decision Scientist, you will be responsible for providing actionable and data-driven…
58	Senior Decision Scientist, Fraud	Remote in Denver, CO 80202	Ibotta	$90,000 - $120,000 a year	Ability to build concise and compelling data visualizations with modern data visualization tools (Looker, Mode, Tableau, Imply, etc.).
59	Machine Learning/A.I. Engineer	Denver, CO	Josh.ai	$100,000 - $160,000 a year	This role will focus on learning capabilities, applying machine learning and pattern recognition software to help make Josh.ai smarter.
60	Senior Data Analyst	Glendale, CO 80246 (Southeastern Denver area)	Contexture	$77,500 a year	Lead and support external and internal customers in data acquisition activities, this includes data validation and in-depth analysis of source data used for…
61	Data Scientist	Denver, CO	Project Canary, PBC	$90,000 - $120,000 a year	3+ years' experience quantifying emissions data.The resulting independent data can inform the procurement of offsets in real-time using microtransactions,…
62	Sales Development Representative (ML/AI/Data Science)	Remote in Denver, CO 80205	Pachyderm	None	Pachyderm helps customers get their ML and AI projects to market faster, lower data processing and storage costs, and supports strict data governance…
63	Principal - Data Engineering	Denver, CO	Credera Experienced Hiring Job Board	Estimated $138K - $175K a year	Minimum 10 years of hands on development experience with data engineering technologies and background in data architecture, data science, or data management.
64	Machine Learning Engineer	Aurora, CO 80011 (Norfolk Glen area)	DeNOVO Solutions	$80,000 - $100,000 a year	UI experience and data presentation/visualization techniques.Decompose systems into applications or components including defining data flows, interface…
65	Senior Data Analyst - Engineering Analytics	Lone Tree, CO 80124	Verizon	$70,000 - $129,000 a year	Using data visualization and other data-gathering methods to either provide internal strategic direction or guide decisions for other teams.
66	Data Engineer (Data Science & Innovation Team)	Remote in Denver, CO 80209+1 location	Businessolver	$98,000 - $137,000 a year	Partner with software engineers, BI team members and data scientists to architect and build data-driven solutions.
67	Data Scientist- Health Informatics Specialist	Remote in Denver, CO	Wolters Kluwer	$73,500 - $105,000 a year	Minimum 3 years of experience in creating data models, database design development, data mining and/or data segmentation techniques.
68	Data Plane Engineer	Remote in Denver, CO 80123+4 locations	Recruiting From Scratch	$140,000 - $200,000 a year	Troubleshooting and optimizing data path.Architect the next generation 5G base station on a chip’s data path.Strong programming experience in c/c++.
69	Senior Data Analyst	Englewood, CO 80112+1 location	DISH	$65,800 a year	Maintain process and system improvement success measurement metrics and analyze data to evaluate performance, and make incremental improvements, post…
70	Sr. Data Analyst - Credit	Denver, CO 80202 (Lodo area)	Freedom Financial Network	Estimated $90.4K - $114K a year	5+ years of experience in data science, quantitative business analysis, and/or statistical analysis; or relevant Master’s Degree / MBA with 2+ years of…
71	Architect - Data Engineering	Denver, CO+1 location	Credera Experienced Hiring Job Board	Estimated $126K - $160K a year	You have a deep understanding of data governance and data privacy best practices.Our data capabilities help our clients gain competitive advantage by…
72	NLP Engineer at Speech to Text Start Up	Remote in Littleton, CO 80123+1 location	Recruiting From Scratch	Estimated $122K - $155K a year	Their AI-powered collaborative note-taking app works across Zoom, Google Meet, and Microsoft Teams to help teams record, transcribe, search and share meeting…
73	Software Engineer - Natural Language Processing	Denver, CO	Josh.ai	$60,000 - $100,000 a year	Experience with noise and unstructured textual data in a speech recognition setting.Experience with various Natural Language Processing problems like data…
74	Architect - Data Engineering	Denver, CO 80202 (Central Business District area)+1 location	Slalom Consulting	$110,000 - $140,000 a year	Data Engineering consisting of streaming / real-time data solutions, modern data platforms and data systems within products (i.e., database systems, graph…
75	ML Engineer (Reinforcement Learning)	Aurora, CO 80011 (Norfolk Glen area)	The Stratagem Group, Inc	$115,000 - $200,000 a year	Analyzing large multi-domain datasets such as images, text, and/or graph data to identify statistically relevant features to build models.
76	Architect - Data Engineering - Data Engineering	Denver, CO+2 locations	Credera	$130,000 - $160,000 a year	You have a deep understanding of data governance and data privacy best practices.Our data capabilities help our clients gain competitive advantage by…
77	Jr. Artificial Intelligence/Machine Learning Engineer	Centennial, CO 80112+1 location	Rincon Research Corp	Estimated $127K - $160K a year	5 or more years of experience with exploratory data analysis of satellite imagery, Radio Frequency (RF), or other large time-varying scientific datasets.
78	SDE-T, Machine Learning Platform Team	Louisville, CO+2 locations	Amazon.com Services LLC	$166,600 - $198,400 a year	Experience with machine learning techniques such as pre-processing data, training and evaluation of classification and regression models, and statistical…
79	NLP Engineer	Denver, CO 80210 (University area)	Avodah	Estimated $86.6K - $110K a year	Bachelor’s degree in computer science, data science, IT or related field of study.Understanding of common NLP models & techniques for text representation,…
80	Sr. Data Analyst- BI Developer IV	Denver, CO 80205 (Five Points area)	CRB	$99,000 - $150,000 a year	Develop new processes to extract, transform, and load data into our enterprise data infrastructure.7+ years of experience developing ETL processes with data…
81	Senior Data Scientist, Growth Analytics	Hybrid remote in Denver, CO	Teladoc Health	$132,000 - $152,000 a year	Ability to partner with other data scientists and deliver practical and effective solutions in challenging situations, mentor junior data scientists on projects…
82	Senior Data Science Manager	Broomfield, CO 80020	Sierra Space	$178,005 - $244,756 a year	3+ years leading and maintaining high performance data science or data engineering teams.Typically 7-10 years of commercial experience in a data science or…
83	Senior Machine Learning Engineer	Denver, CO (Union Station area)	DISH	$143,000 a year	Experience with building predictive models using historical 1st and 3rd party data.Enhance data collection procedures to include information that is relevant…
84	Manager, Pricing & Revenue Management Development and Decisi...	Denver, CO 80239 (Gateway - Green Valley Ranch area)	Frontier Airlines, Inc	Estimated $98.9K - $125K a year	Ability to structure data-driven analytical approaches across a range of quantitative techniques to solve business problems in an efficient, timely manner.
85	Statistical Analyst I	Denver, CO 80202 (Highland area)	Medpace, Inc.	$65,000 - $145,000 a year	Knowledge of databases and data management process; and.Communicate the project requirements for cleanup and data capture to ensure the key study variables are…
86	Scalable, Accelerated Machine Learning and AI on Advanced Co...	Golden, CO 80401	National Renewable Energy Laboratory	$75,500 - $135,900 a year	Demonstrated experience developing workflows, including job scheduler integration, data management of big datasets, data movement, and data availability/sharing…
87	Big Data Engineer - PySpark	Denver, CO	Logic20/20 Inc.	From $75,000 a year	5+ years of data engineering experience.Experience with streaming data in Spark.Experience building data and computational systems that support machine…
88	Principal - Data Engineering - Data Engineering	Denver, CO	Credera	$190,000 - $276,000 a year	Minimum 10 years of hands on development experience with data engineering technologies and ground in data architecture, data science, or data management.
89	Postdoctoral Researcher – Mathematical Optimization for Ener...	Golden, CO 80401	National Renewable Energy Laboratory	$69,400 - $114,500 a year	Department of Energy (DOE) safety protocols and mitigation efforts directed at the COVID-19 pandemic.Upon hire, new employees must submit a request for…
90	Principal Machine Learning Engineer	Remote in Denver, CO 80202	Twilio	Estimated $146K - $184K a year	Track record of defining new data science techniques and best practices that improve the ML model performance.Flexible Spending and Health Savings Accounts.
91	AI Engineer	Denver, CO 80202 (Lodo area)	VORTO	$120,000 - $190,000 a year	This role is roughly 80% software engineering and 20% data science.This position is highly entrepreneurial in nature, hence it requires candidates who can…
92	Manager, Marketing Analytics - Industry, Marketing Decision...	Denver, CO	Salesforce	$104,000 - $117,000 a year	We are looking for a storyteller who can build a compelling and clear presentation grounded in data.Very strong SQL skills are a core requirement for this role…
93	Director of Sales & Business Development - AI, Data Science	Remote in Denver, CO	Xen.ai	None	Xen.AI is looking for Director of Sales & Business Development - AI & Machine Learning solutions, who can bring in AI, Machine Learning, Deep Learning and Data…
94	Senior Machine Learning Architect	Denver, CO+1 location	Credera Experienced Hiring Job Board	Estimated $168K - $213K a year	Our data capabilities help our clients gain competitive advantage by transforming raw data into insights that enable actionable decision making.
95	Principal ML & NLP Engineer	Remote in Littleton, CO 80123+1 location	Recruiting From Scratch	$140,000 - $200,000 a year	Given you are constructing the foundation on which our global data infrastructure will be built, you need to pay close attention to detail and maintain a…
96	Sr. Staff Analyst (Enterprise)	Denver, CO 80202 (Lodo area)	Freedom Financial Network	Estimated $90K - $114K a year	Leverage a variety of datasets including internal CRM data, credit data, as well as other 3rd party complimentary data in order to derive unique insights and…
97	Solutions Architect (AI) - REMOTE	Remote in Greenwood Village, CO	MiTek Inc.	$120,000 - $150,000 a year	Today, MiTek delivers software, services, engineered products, and automated solutions that enable the building industry to improve efficiencies by optimizing…
98	Data Scientist - Entry to Expert Level Virtual Hiring Event	United States	National Security Agency (NSA)	$74,682 - $176,300 a year	Passing this examination is a requirement in order to be considered for selection into a data scientist position.
99	Senior Data Scientist - International	United States	Indeed	$123,000 - $179,000 a year	Passion to answer Product/Engineering questions with data.Can train and deploy deep learning models for natural language data.
100	Junior Data Science Engineer	United States	Enhance IT	From $32 an hour	Experience with command-line scripting, data structures and algorithms and ability to work in a Linux environment, processing large amounts of data in a cloud…
101	Senior Supply Chain Data Analyst	United States	Logistics Plus Inc	$25 - $29 an hour	The Central Planning and Analytics (CPA) team provides analytical and project management.Services for DSPA Global and Regional Planning teams.
102	Senior Healthcare Data Analyst	United States	New Directions Behavioral Health	None	Experience with enterprise data warehouse and commercial/Medicare/Medicaid claims data.Strong analytic and data management skills.
103	Software Development Engineer II, Machine Learning Platform...	Louisville, CO	Amazon.com Services LLC	$122,200 - $160,000 a year	Experience with machine learning techniques such as pre-processing data, training and evaluation of classification and regression models, and statistical…
104	Director, Statistical Programming	Remote in United States	Everest Clinical Research	Estimated $136K - $172K a year	In-depth knowledge of industry standards on how clinical trial data are structured, stored, analyzed, and presented.Manage sponsors and vendor relationship.
105	Senior Statistician	United States	AL2S3 LTD	Estimated $105K - $133K a year	Molly Williams is looking for a Senior Statistician with an in-depth passion for delivering high quality work to join a globally recognised, mid-sized CRO…
106	Senior Consultant - AI/ML Engineer	United States	Harnham	$140,000 - $150,000 a year	You will also play a leadership role in modestly sized data teams.You will be responsible for delivering on client data science projects from end-to-end.
107	Principal Statistical Programmer	Remote in United States	Everest Clinical Research	Estimated $121K - $154K a year	Create SDTM mapping specifications and ADaM data specifications.Perform hands on primary statistical programming and validation programming on assigned…
108	Senior Statistical Programmer	Remote in United States	Everest Clinical Research	Estimated $99.5K - $126K a year	Archive clinical trial data (study data tabulation models and analysis data models) and programming information in accordance with corporate archival SOPs and…
109	Director, Data Science- SMB Labs	Remote in United States	Indeed	$214,000 - $310,000 a year	In this role, you will lead teams of machine learning engineers, scientists, and statisticians who exhibit high energy, deep technical skills, and a drive to…
110	Machine Learning Engineer, Platform	Remote in Denver, CO 80123+1 location	Recruiting From Scratch	$150,000 - $190,000 a year	Orchestrate large scale machine learning data pipelines (experience with Prefect, Airlflow, Luigi, or similar framework will be helpful).
111	Senior Financial Analyst, Technology and Data Science	Denver, CO 80202 (Union Station area)	S&P Global	$90,000 - $120,000 a year	The Role: Senior Financial Analyst, Technology and Data Science.The Impact: This role will be a key member of the finance team supporting the S&P Global Market…
112	Senior Credit Risk Data Scientist/Machine Learning Engineer...	United States	Strategic Financial Solutions	None	Identify the data sources, manage quality of the data utilized in models.Maintain model data documentation, reproducibility, and reports.
113	Director, Statistical Programming	United States	Parexel - USA	Estimated $89.4K - $113K a year	As a Director, you will be responsible to lead, manage and support the departmental or functional team and processes to ensure that Parexel delivers quality…
114	Principal Statistical Programmer	United States	Cytel - USA	Estimated $137K - $173K a year	Provide review and/or author data transfer specifications for external vendor data.We are looking for a highly experienced data analyst who will lead all…
115	Principal - Data Science	Denver, CO	Credera Experienced Hiring Job Board	Estimated $154K - $195K a year	Our data capabilities help our clients gain competitive advantage by transforming raw data into insights that enable actionable decision making.
116	Data Engineer - Data Pipelines & Data Science Platforms	Denver, CO 80201+1 location	S&P Global	$68,300 - $155,900 a year	Working with our data scientists to turn large-scale messy, diverse, and often unstructured data into a source of meaningful insights for our customers.
117	Statistical Programmer II	United States	Parexel - USA	Estimated $80.6K - $102K a year	The Statistical Programmer II provides technical expertise for the conduct of clinical trials, and works with.Regulations such as 21 CFR Part 11.
118	Senior Manager Engineering - Analytics Software in Studio AI	Remote in United States	Wind River	Estimated $101K - $128K a year	Real-time analytics: receiving and analyzing streaming data from distributed devices or applications (not just processing data at rest), and updating or…
119	Senior Statistical Programmer/Principal Statistical Programm...	Remote in United States	Syneos Health - USA	Estimated $144K - $182K a year	 Uses SAS or other software to develop custom programming code to generate summary tables, data.As a Lead Statistical Programmer for projects of any…
120	Senior Data Scientist - Ranking Team	Denver, CO	Indeed	$147,000 - $213,000 a year	Proactively research data and identify opportunities in the data to drive the product roadmap.Helps identify ways to improve data quality and analysis.
121	Data Scientist	Denver, CO	AT&T	$75 - $85 an hour	Experience in data science libraries like TensorFlow, Data Visualization, Machine Learning, Salesforce.Skills: 3+ years in Data Science, Python, Scala, and SQL…
122	Data Scientist	Remote in Denver, CO 80238	CyberCoders	$100,000 - $110,000 a year	Translate data analysis to guide business decisions.Created data visualizations to help business leaders understand their business problems and the proposed…
123	Staff Data Scientist	Remote in Denver, CO	DispatchHealth	$180,000 - $210,000 a year	Adept at managing large quantities of data from disparate data sources and creating usable, repeatable features.
124	Data Scientist	Remote in Denver, CO	GutCheck	$90,000 - $110,000 a year	Support cross-functional efforts to develop databases and data feeds consistent with our product and data strategy.Medical, Life, Dental and Vision Insurance.
125	Data Scientist - Utility Reliability (Jr - Sr) - REMOTE	Hybrid remote in Denver, CO	E Source	$75,000 - $100,000 a year	Proficiency and demonstrated experience in all phases of the data science life cycle working with real-world data—data compilation, data exploration,…
126	Data Scientist	Hybrid remote in Denver, CO	Business Intelli Solutions	Up to $60 an hour	Expertise in big data processing, familiarity with big data platforms.Identify data needs, gaps, sources, verify data quality, transform and clean data as…
127	Senior Data Scientist	Remote in Denver, CO	Snapdocs	$153,850 - $178,750 a year	The ideal candidate is someone who relishes pouring over messy data to find patterns and train machines to do so with high accuracy and recall.
128	Senior Data Scientist	Remote in Denver, CO	Gtmhub	$130,000 - $160,000 a year	Maintain day-to-day data aggregation responsibilities and the integrity of the data;Familiarity with data management tools;Access to a 401(k)/Roth 401(k).
129	Lead Data Scientist	Aurora, CO 80012+2 locations	DISH	$94,000 a year	Leverage SQL development skills to perform full lifecycle data mining activities, including requirements analysis, data quality assessment, data profiling,…
130	Staff Data Scientist, Metrics Intelligence	Denver, CO 80202 (Union Station area)+2 locations	Slack	$150,200 a year	You will work with data scientists and business analysts (from various business groups) to understand, synthesize, and communicate evolving trends in product…
131	Staff Data Scientist	Remote in Denver, CO 80202+3 locations	Ibotta	$170,000 - $200,000 a year	Experience manipulating complex data to apply business rules for improved feature engineering within data lakes, distributed systems, and data streams.
132	Data Scientist II/III, Client Analytics	Denver, CO+4 locations	Teladoc Health	$95,000 - $110,000 a year	Collaborate closely with other analysts, data scientists, engineers, PMs and clinical researchers on product builds, analytical tools, data quality, metric…
133	Data Scientist 4	Broomfield, CO 80021 (Interlocken area)	Oracle	$109,000 - $209,000 a year	Researches and analyzes user needs with respect to delivery of data that represents customer health.Researches and analyzes user needs with respect to delivery…
134	Data Scientist Senior	Hybrid remote in Aurora, CO	Children's Hospital Colorado	$50.42 - $75.62 an hour	This senior data scientist position is responsible for advanced data science work harnessing vast amounts of data to optimize business and clinical outcomes.
135	Data Scientist	Denver, CO+1 location	The University Of Denver	$65,000 - $80,000 a year	Four years of professional experience in data science, data management or analytics position.Work collaboratively on data science projects.
136	Staff Data Scientist, Platform - Slack	Denver, CO+2 locations	Salesforce	$150,200 a year	Experience in building advanced data pipelines and designing data scheme and table infrastructure.Prototype foundational data pipelines and partner with the…
137	Data Scientist IV Advanced Analytics	Denver, CO	Kaiser Permanente	$61.30 - $72.07 an hour	Prepares data for analytic efforts by integrating and consolidating data; ensuring data quality and accuracy; profiling data inaccuracies and recommending…
138	Principal Data Scientist	Remote in Denver, CO+1 location	Hotel Engine	$150,000 a year	Work with the VP, Data Science to build and coach a world-class team of data scientists, data engineers and machine learning engineers.
139	Data Scientist Jr. - Sr.	Denver, CO	Criterion Systems, Inc.	$89,000 - $169,000 a year	Experience in statistics and data mining techniques.Experience GPUs GPUs to speed data Model Training.Criterion Systems is seeking a mission-focused Data…
140	Data Scientist	Denver, CO	AArete	Estimated $91K - $115K a year	Develop custom data models and algorithms to apply to data sets.Experience performing data quality assurance and manipulation and.
141	Decision Scientist, Retail	Remote in Denver, CO 80202	Ibotta	$80,000 - $100,000 a year	2+ years of experience in an analytics or data science role involving data extraction and statistical modeling.
142	Senior Data Analyst	Denver, CO 80211 (Sunnyside area)	Artifact Uprising	$100,000 - $115,000 a year	Cultivate a data-driven culture by ensuring data integrity and accessibility.Perform advanced data mining and analysis, leading into concise and digestible…
143	Senior Cybersecurity Data Analyst	Hybrid remote in Highlands Ranch, CO	Visa	$103,300 a year	Experience using analytics tools or scripting to extract and normalize data is a plus.Data analysis, Build data models and KPIs, Track, Measure, and regular…
144	[Senior and Staff] Data Scientist, Virtual HQ - Slack	Hybrid remote in Denver, CO	Salesforce	$128,600 a year	Experience working with data technologies that allow effective storage and analysis of large amounts of data (e.g. Spark, Presto, Hive, etc).
145	Senior Credit Strategy Analyst - Data Scientist	Denver, CO 80202 (Central Business District area)	Funding Circle US	$105,000 - $130,000 a year	Highly analytical and love to analyze data to generate information.Have a background in quantitative analysis with degree in statistics, economics or other…
146	Data Scientist	Littleton, CO 80120+11 locations	DISH	$100,100 a year	Experience using common data science techniques such as data mining, timeseries data analysis, multivariate analysis, clustering, regression – logistical and…
147	Data Scientist	Denver, CO+2 locations	sharethrough	Estimated $104K - $132K a year	Present findings to data scientists and product managers to influence product roadmaps.Work with our data engineering team to make the data needed for your…
148	Sports Statistician - Basketball	Westminster, CO 80020	Life Time	Up to $13.56 an hour	Experience tracking full statistical data for league games (in the areas of basketball, soccer, volleyball, etc).Tracks all relevant statistics during games.
149	Data Science Strategist, Connectivity Analytics	Denver, CO+2 locations	Facebook App	$136,000 a year	4+ years of experience in data mining & analytics, understanding of statistical analysis, and fluency in SQL or other data programming languages.
150	Machine Learning Scientist	Denver, CO+1 location	Teladoc Health	$54,000 - $130,000 a year	This includes data transformation, feature engineering, unsupervised learning, supervised learning and time series modeling.
151	Data Scientist - Ads Optimization	Remote in Denver, CO	Comcentric	$139,000 - $225,000 a year	Proactively research data and identify opportunities in the data to drive the product roadmap.Helps identify ways to improve data quality and analysis.
152	Senior Data Analyst	Centennial, CO 80112	Axos Clearing LLC	$70,000 - $80,000 a year	Maintain inventory of data definitions and process maps to ensure data integrity.Continuously support business units with enhancement requests, technical…
153	Principal - Data Science - Data Science	Denver, CO+2 locations	Credera	$200,000 - $288,000 a year	Our data capabilities help our clients gain competitive advantage by transforming raw data into insights that enable actionable decision making.
154	Machine Learning Engineer, Fraud	Remote in Denver, CO 80202+2 locations	Ibotta	$100,000 - $130,000 a year	Ability to translate ambiguous business questions into structured data problems.Curiosity and the commitment to continually ask questions of our data and…
155	Lead Data Science and Analytics Solutions Architect	Englewood, CO	BOEING	$106,000 - $197,000 a year	Experience analyzing data and making data-driven decisions.5+ years’ experience architecting/developing data & analytics/data science capabilities.
156	Senior Statistician & Data Visualization Developer	Denver, CO	The University Of Denver	$70,000 - $80,000 a year	Knowledge of data visualization and dashboard development.Ability to automate data extraction, cleaning and analytical processes.Work type: Staff Full-Time.
157	Sr. Data Analyst - Partner Analytics	Remote in Denver, CO 80202	Strive Health	$85,000 - $105,000 a year	Working knowledge of analyzing medical claim, lab data, EMR data and clinical data.4+ years’ experience in healthcare data analysis.
158	Machine Learning Engineer II	Louisville, CO+2 locations	Amazon.com Services LLC	$122,200 - $160,000 a year	Experience with machine learning techniques such as pre-processing data, training and evaluation of classification and regression models, and statistical…
159	Data Architect	Remote in Denver, CO	CrossCountry Consulting	Estimated $144K - $183K a year	Design and implement complex data and analytics solutions to build next-generation data analytic platforms and solutions.
160	DevOps Engineer - Machine Learning	Denver, CO	Logic20/20 Inc.	From $120,000 a year	As a DevOps Engineer on this project, you’ll build infrastructure to support wildfire mitigation as well as increase customer safety.
161	Risk Architecture Analyst	Hybrid remote in Greenwood Village, CO 80111	CoBank	$85,000 - $110,000 a year	Proven ability to effectively use data analysis tools to filter and clean data for storage, modeling and reporting.
162	Data Scientist Advanced Analytics	Denver, CO	Intellibee Inc	Estimated $121K - $154K a year	Experience in data science libraries like Tensor Flow, Data Visualization, Machine Learning, Salesforce.Skills: * 3+ years in Data Science, Python, Scala and…
163	Principal Data Scientist - Match Recommendations	Denver, CO	Indeed	$223,000 - $324,000 a year	Mentor and grow other software engineers and data scientists across teams.Solid knowledge of data structures and algorithms.
164	Data Scientist	Denver, CO	Gate Insight Inc	$60,000 - $80,000 a year	Experience in data science libraries like TensorFlow, Data Visualization, Machine Learning, Salesforce.Looking for a Data Scientist for Advanced Analytics.
165	Senior Data Scientist/Machine Learning Engineer	Remote in Littleton, CO 80123+11 locations	Recruiting From Scratch	$140,000 - $200,000 a year	Work with cross-functional teams, including lawyers, data protection and security researchers.Gather training data, and train and evaluate state-of-the-art…
166	Head of Data Science and Analytics	Denver, CO 80202 (Central Business District area)	Nexthealth	Estimated $179K - $227K a year	Detailed knowledge of computer science and software engineering, including data structures, data modeling, distributed systems, and software design methods.
167	Machine Learning Focused Software Developer	Aurora, CO 80011 (Norfolk Glen area)	DeNOVO Solutions	Estimated $103K - $130K a year	DeNOVO is looking for individuals interested in developing a machine learning (ML)-based data classification system.Intermediate to advanced Java experience.
168	Staff Data Analyst	Denver, CO 80202 (Lodo area)	Freedom Financial Network	Estimated $80.3K - $102K a year	You have a strong understanding on how data should be captured within products and services and are able to collaborate & guide the business and data…
169	Data Science Manager - Search Ranking and Personalization	Remote in Denver, CO	Indeed	$149,000 - $217,000 a year	Ensure delivery of data science solutions, set expectations for what can be done and by when, and prioritize incoming projects.
170	Data Plane Engineer	Remote in Denver, CO 80123+1 location	Recruiting From Scratch	$140,000 - $200,000 a year	Troubleshooting and optimizing data path.Architect the next generation 5G base station on a chip’s data path.Strong programming experience in c/c++.
171	Senior Data Science Engineer with ML	Denver, CO	Zodiac Solutions Inc.	Estimated $112K - $142K a year	Experience with building predictive models using historical 1st and 3rd party data.Enhance data collection procedures to include information that is relevant…
172	Director of Business Intelligence	Greenwood Village, CO 80111	Enquire Solutions	$120,000 - $135,000 a year	Develop custom data models and algorithms to apply to data sets.Maintain and support data analytics platforms.Collaborate with teams to integrate systems.
173	NLP Engineer	Denver, CO 80210 (University area)	Avodah	Estimated $88K - $111K a year	Bachelor’s degree in computer science, data science, IT or related field of study.Understanding of common NLP models & techniques for text representation,…
174	Big Data Engineer	Aurora, CO	24-7 Intouch	$70,000 - $80,000 a year	Load from disparate data sets by leveraging various big data technology e.g. Kafka.Design and implement data modeling.As Big Data Engineer, You Will….
175	Data Scientist (Junior)	Remote in Louisville, CO	BDSA	$90,000 - $110,000 a year	Job Summary: The Analytics team empowers BDSA through the development of syndicated market research products based on various datasets. As a Junior Data…
176	Data Scientist - Ads Optimization	Remote in Denver, CO	Comcentric	$139,000 - $225,000 a year	We are seeking at Data Scientist - Ads Optimization for a permanent full time position (remote). As a Data Scientist in the SMB Ads Optimization team, your…
177	Staff Data Scientist, Metrics Intelligence	Denver, CO 80202 (Union Station area)+1 location	Slack	$150,200 a year	To get the best candidate experience, please consider applying for a maximum of 3 roles within 12 months to ensure you are not duplicating efforts. Job…
178	Staff Data Scientist, Platform - Slack	Denver, CO	Salesforce	$150,200 a year	To get the best candidate experience, please consider applying for a maximum of 3 roles within 12 months to ensure you are not duplicating efforts. Job…
179	Data Scientist	Broomfield, CO 80021	Renewable Energy Systems	$76,500 - $100,000 a year	Come join the world’s largest independent renewable energy company active in wind, solar, energy storage and transmission and distribution. Our vision is to…
180	Data Scientist II/III, Client Analytics	Denver, CO+2 locations	Teladoc Health	$95,000 - $110,000 a year	The Opportunity Come build the data and analytics tools that will help real people live measurably better lives. As a key part of our client analytics team,…
181	Staff Data Scientist	Remote in Denver, CO 80202	Ibotta	$170,000 - $200,000 a year	Job Description: Ibotta is seeking a Staff Data Scientist to join our fast growing Core Data & Analytics team and move forward our mission to Make Every…
182	Lead Data Scientist	Remote in Denver, CO	Zoom Video Communications, Inc.	Estimated $86K - $109K a year	Work Styles at Zoom In most cases, you will have the opportunity to choose your preferred working location from the following options when you join Zoom: in…
183	Lead Data Scientist	Englewood, CO 80112+2 locations	DISH	$125,000 a year	Department Summary Television is at an inflection point. This is your chance to be a part of a startup team that is transforming entertainment by changing…
184	Data Scientist (100% Remote)	Remote in Denver, CO 80238	Frontdoor	Estimated $120K - $153K a year	Overview Frontdoor is a company that’s obsessed with taking the hassle out of owning a home. With services powered by people and enabled by technology, it is…
185	Data Scientist 4	Broomfield, CO 80021 (Interlocken area)	Oracle	$109,000 - $209,000 a year	Designs, develops and programs methods, processes, and systems to consolidate and analyze unstructured, diverse “big data” sources to generate actionable…
186	Senior Data Scientist	Denver, CO 80202 (Lodo area)	Code42	Estimated $126K - $159K a year	In the race for ideas, we never want our customers to compromise the speed of innovation nor the safety of their data. Code42 provides protection from Insider…
187	Data Scientist	Denver, CO	The University Of Denver	$65,000 - $80,000 a year	Job no: 494995 Work type: Staff Full-Time Location: Denver, CO Categories: Information Technology, Research The Office of Institutional Research & Analysis …
188	Senior Data Scientist	Remote in Denver, CO	Gtmhub	$130,000 - $160,000 a year	Description Gtmhub is seeking an incredible Senior Data Scientist with 5+ years experience to join our growing Analytics, Research, and Insights team and…
189	Data Scientist IV Advanced Analytics	Denver, CO	Kaiser Permanente	$61.30 - $72.07 an hour	Salary: $61.30 - $72.07 Job Summary: In addition to the responsibilities listed below, this position is also responsible for solving client analytics…
190	Staff Data Scientist, Platform - Slack	Denver, CO	Salesforce	$150,200 a year	Experience in building advanced data pipelines and designing data scheme and table infrastructure.Prototype foundational data pipelines and partner with the…
191	Data Scientist	Denver, CO+2 locations	sharethrough	Estimated $99.4K - $126K a year	Present findings to data scientists and product managers to influence product roadmaps.Work with our data engineering team to make the data needed for your…
192	Data Scientist	Denver, CO	ICR	Estimated $105K - $132K a year	Knowledge of common data visualization technologies, such as matplotlib, bokeh, d3, or matlab.Proficient in Python, R, Matlab, Lua, or other data science…
193	Entry Level Data Scientist: 2022	Denver, CO	IBM	$94,000 - $170,000 a year	You will implement and validate predictive models as well as create and maintain statistical models with a focus on big data.
194	Lead Data Scientist	Englewood, CO 80112	DISH	$125,000 a year	Perform ad hoc requests with large data sets.Demonstrated ability to derive business value out of complex data/models to create significant change within an…
195	Staff Data Scientist, Platform	Denver, CO 80202 (Union Station area)+1 location	Slack	$150,200 a year	Experience in building advanced data pipelines and designing data scheme and table infrastructure.Prototype foundational data pipelines and partner with the…
196	Data Scientist (3-5 years experience)	Broomfield, CO	DataLab USA	$75,000 - $100,000 a year	Review corporate data transformation QC.Identify patterns & trends in data, and provides insights to enhance business decision making.
197	Data Scientist (100% Remote)	Remote in Denver, CO 80238	Frontdoor	Estimated $118K - $150K a year	Solid foundation in data structures and algorithms.Process massive amounts of structured and unstructured data.Run A/B test experiments and analyze results.
198	Machine Learning Scientist	Denver, CO+1 location	Teladoc Health	Estimated $80.5K - $102K a year	This includes data transformation, feature engineering, unsupervised learning, supervised learning and time series modeling.
199	Data Scientist	Littleton, CO 80120+6 locations	DISH	$100,100 a year	Experience using common data science techniques such as data mining, timeseries data analysis, multivariate analysis, clustering, regression – logistical and…
